<?xml version="1.0" encoding="UTF-8"?>

<!DOCTYPE mapper PUBLIC "-//mybatis.org//DTD Mapper 3.0//EN"
"http://mybatis.org/dtd/mybatis-3-mapper.dtd">

<mapper namespace="com.devandy.web.dao.MemberDAO">
	<select id="selectAll" resultType="MemberVO">
		SELECT *
		FROM TBL_USER
	</select>
	<select id="selectById" parameterType="String" resultType="MemberVO">
		SELECT *
		FROM TBL_USER
		WHERE USER_ID = #{USER_ID}
	</select>
	<insert id="insert" parameterType="MemberVO">
		INSERT INTO TBL_USER(USER_ID, USER_DEPT_NO, USER_NM, USER_JBGD, USER_TELNO, USER_ADDR)
		VALUES(#{USER_ID}, #{USER_DEPT_NO}, #{USER_NM}, #{USER_JBGD}, #{USER_TELNO}, #{USER_ADDR})
	</insert>
	<update id="update" parameterType="MemberVO">
		UPDATE TBL_USER
		SET USER_ID = #{USER_ID},
			USER_DEPT_NO = #{USER_DEPT_NO},
			USER_NM = #{USER_NM},
			USER_JBGD = #{USER_JBGD},
			USER_TELNO = #{USER_TELNO},
			USER_ADDR = #{USER_ADDR}
		WHERE USER_ID = #{USER_ID}
	</update>
	<delete id="delete" parameterType="String">
		DELETE TBL_USER
		WHERE USER_ID = #{USER_ID}
	</delete>
			
</mapper>

